EmployeeID,Name,Age,Department,Salary,Email,JoiningDate
1,Arjun,,Sales,58588,arjun1@company.com,2022-08-07
2,Divya,24.0,IT,73913,divya2@company.com,2023-08-04
3,Kavya,27.0,Support,85491,kavya3@company.com,2025-02-26
4,Pooja,58.0,Sales,77541,pooja4@company.com,2024-05-03
5,Rahul,25.0,Sales,97482,rahul5@company.com,2018-03-03
6,Arjun,48.0,HR,95751,arjun6@company.com,2019-08-10
7,Vikram,49.0,IT,86105,vikram7@company.com,2022-02-07
8,Rahul,,Support,33763,rahul8@company.com,2019-08-16
9,Kiran,33.0,Marketing,39552,kiran9@company.com,2021-05-13
10,Kavya,44.0,Finance,64894,kavya10@company.com,2020-02-16
11,Anjali,25.0,Finance,74476,anjali11@company.com,2025-07-19
12,Diya,31.0,Sales,47073,diya12@company.com,2022-12-24
13,Rahul,28.0,Finance,108231,rahul13@company.com,2020-09-15
14,Suresh,36.0,IT,89008,suresh14@company.com,2023-02-22
15,Suresh,25.0,IT,57709,suresh15@company.com,2018-08-07
16,Priya,35.0,IT,101101,,2022-12-01
17,Ravi,42.0,Finance,85646,ravi17@company.com,2021-03-08
18,Divya,43.0,IT,44234,divya18@company.com,2022-01-04
19,Sneha,57.0,Support,63022,sneha19@company.com,2021-08-11
20,Kiran,59.0,HR,42677,kiran20@company.com,2020-12-20
21,Rohan,,Finance,37792,rohan21@company.com,2023-11-26
22,Aarav,46.0,IT,45707,aarav22@company.com,2021-08-22
23,Priya,22.0,HR,-27643,priya23@company.com,2023-12-13
24,Suresh,39.0,Finance,45304,suresh24@company.com,2022-09-23
25,Anjali,56.0,Finance,57196,anjali25@company.com,2020-07-19
26,Vikram,32.0,IT,37065,vikram26@company.com,2020-07-21
27,Manoj,23.0,IT,90410,manoj27@company.com,2020-09-08
28,Suresh,46.0,Marketing,88524,suresh28@company.com,2024-12-16
29,Nikhil,28.0,IT,73573,nikhil29@company.com,2022-03-19
30,Manoj,22.0,Sales,55798,manoj30@company.com,2024-01-15
31,Meena,60.0,Finance,119806,meena31@company.com,2022-03-08
32,Nikhil,,Finance,40648,invalid_email,2020-03-01
33,Rahul,42.0,Sales,95241,rahul33@company.com,2025-05-26
34,Rohan,,Sales,85733,rohan34@company.com,2018-04-12
35,Vikram,53.0,Finance,75879,vikram35@company.com,2018-06-13
36,Meena,22.0,Finance,90987,meena36@company.com,2018-01-16
37,Priya,39.0,Support,82090,priya37@company.com,2021-05-20
38,Asha,38.0,Finance,92713,asha38@company.com,2022-05-23
39,Manoj,46.0,Support,34522,manoj39@company.com,2019-06-01
40,Asha,26.0,Finance,68522,asha40@company.com,2019-10-26
41,Anjali,47.0,HR,45721,anjali41@company.com,2024-07-18
42,Meena,150.0,HR,94621,meena42@company.com,2023-09-25
43,Kiran,42.0,HR,49026,kiran43@company.com,2018-03-05
44,Anjali,26.0,HR,101874,anjali44@company.com,2023-05-20
45,Manoj,21.0,HR,44961,manoj45@company.com,2023-09-20
46,Kavya,52.0,HR,39482,kavya46@company.com,2018-02-07
47,Ravi,29.0,Support,71348,ravi47@company.com,2022-07-18
48,Sneha,31.0,Support,40702,sneha48@company.com,2021-10-17
49,Pooja,44.0,IT,100880,pooja49@company.com,2024-09-21
50,Pooja,32.0,IT,108448,pooja50@company.com,2023-03-15
51,Divya,46.0,Marketing,47789,divya51@company.com,2024-11-17
52,Manoj,150.0,Sales,99215,manoj52@company.com,2021-12-22
53,Sneha,39.0,Sales,38133,sneha53@company.com,2021-06-27
54,Suresh,53.0,Support,60757,suresh54@company.com,2021-01-09
55,Sneha,-5.0,HR,105888,invalid_email,2025-09-19
56,Arjun,28.0,Sales,25316,arjun56@company.com,2025-03-02
57,Rahul,32.0,HR,67010,rahul57@company.com,2019-06-16
58,Priya,34.0,Sales,60982,priya58@company.com,2023-02-28
59,Priya,46.0,Finance,89321,priya59@company.com,2018-06-13
60,Asha,24.0,Finance,25147,asha60@company.com,2020-03-05
61,Asha,,IT,79228,asha61@company.com,2024-07-11
62,Meena,34.0,Marketing,53441,meena62@company.com,2018-10-25
63,Anjali,37.0,HR,52477,anjali63@company.com,2022-12-03
64,Sneha,39.0,IT,55715,sneha64@company.com,2018-01-01
65,Vikram,49.0,IT,37869,vikram65@company.com,2024-05-04
66,Arjun,,IT,32184,arjun66@company.com,2020-04-01
67,Meena,57.0,Support,79008,meena67@company.com,2019-10-12
68,Nikhil,54.0,Marketing,94802,nikhil68@company.com,2022-07-15
69,Sneha,51.0,HR,112132,sneha69@company.com,2022-08-22
70,Divya,40.0,Sales,57763,divya70@company.com,2022-05-23
71,Asha,-5.0,Sales,33014,asha71@company.com,2025-11-06
72,Arjun,58.0,HR,116241,arjun72@company.com,2025-09-20
73,Arjun,47.0,HR,55168,arjun73@company.com,2023-10-08
74,Sneha,41.0,Support,117830,sneha74@company.com,2023-11-10
75,Asha,50.0,Support,55596,asha75@company.com,2022-12-22
76,Rohan,31.0,Support,36590,rohan76@company.com,2025-02-10
77,Arjun,,Sales,64060,arjun77@company.com,2022-06-08
78,Diya,44.0,Finance,40994,diya78@company.com,2021-06-06
79,Kavya,39.0,HR,116853,kavya79@company.com,2018-06-25
80,Kiran,59.0,Finance,118142,kiran80@company.com,2020-07-01
81,Kavya,60.0,Finance,109215,kavya81@company.com,2019-02-14
82,Manoj,33.0,HR,114481,manoj82@company.com,2025-09-02
83,Divya,42.0,Finance,49874,divya83@company.com,2023-12-24
84,Suresh,56.0,HR,50069,suresh84@company.com,2019-03-18
85,Meena,51.0,Sales,29088,meena85@company.com,2021-02-05
86,Arjun,45.0,HR,62384,arjun86@company.com,2021-06-21
87,Ravi,32.0,IT,104051,ravi87@company.com,2019-10-02
88,Aarav,59.0,HR,39367,aarav88@company.com,2018-10-03
89,Aarav,38.0,IT,100697,aarav89@company.com,2020-03-04
90,Neha,33.0,HR,33961,neha90@company.com,2021-03-19
91,Sneha,28.0,IT,84338,sneha91@company.com,2019-11-06
92,Suresh,55.0,Support,37889,suresh92@company.com,2020-03-23
93,Priya,150.0,Support,52248,,2022-03-20
94,Aarav,30.0,Finance,82371,aarav94@company.com,2023-03-19
95,Vikram,26.0,Finance,109220,vikram95@company.com,2025-11-17
96,Kiran,23.0,HR,76739,kiran96@company.com,2019-06-08
97,Anjali,27.0,HR,102775,anjali97@company.com,2024-11-19
98,Pooja,37.0,Marketing,94421,pooja98@company.com,2019-08-11
99,Rohan,56.0,IT,103799,rohan99@company.com,2022-09-14
100,Divya,50.0,Marketing,97035,divya100@company.com,2021-04-06
101,Manoj,34.0,IT,41078,manoj101@company.com,2018-08-07
102,Nikhil,57.0,Sales,79936,nikhil102@company.com,2020-10-06
103,Sneha,33.0,HR,76200,sneha103@company.com,2025-02-10
104,Diya,59.0,HR,26169,diya104@company.com,2022-07-11
105,Ravi,37.0,Finance,67196,ravi105@company.com,2023-06-23
106,Asha,31.0,Sales,103617,asha106@company.com,2023-02-19
107,Rahul,47.0,Sales,101811,rahul107@company.com,2024-03-17
108,Sneha,27.0,IT,65563,sneha108@company.com,2022-04-13
109,Rohan,56.0,HR,74108,rohan109@company.com,2019-02-12
110,Priya,,Finance,48668,priya110@company.com,2025-08-02
111,Kavya,44.0,Marketing,82621,kavya111@company.com,2024-05-14
112,Kiran,45.0,Sales,116801,kiran112@company.com,2021-11-07
113,Diya,46.0,HR,61625,diya113@company.com,2021-09-13
114,Pooja,30.0,Support,34950,pooja114@company.com,2021-10-17
115,Neha,22.0,Finance,50109,neha115@company.com,2025-04-28
116,Rahul,22.0,Support,98303,rahul116@company.com,2021-11-07
117,Asha,27.0,IT,57288,asha117@company.com,2024-05-03
118,Kavya,43.0,Sales,73960,kavya118@company.com,2021-10-10
119,Ravi,44.0,Marketing,104502,,2021-02-13
120,Kavya,54.0,Sales,81940,kavya120@company.com,2022-06-05
121,Diya,23.0,Sales,25871,diya121@company.com,2018-01-12
122,Rohan,150.0,HR,98679,rohan122@company.com,2022-06-19
123,Kiran,55.0,Support,40070,kiran123@company.com,2022-02-20
124,Asha,50.0,Support,50273,asha124@company.com,2018-02-28
125,Diya,41.0,IT,104706,diya125@company.com,2020-11-17
126,Asha,45.0,HR,56417,asha126@company.com,2024-10-11
127,Ravi,28.0,Finance,116046,ravi127@company.com,2023-07-16
128,Rahul,21.0,IT,109429,rahul128@company.com,2020-11-15
129,Sneha,,Support,116089,sneha129@company.com,2022-04-07
130,Kavya,48.0,Finance,68595,kavya130@company.com,2025-09-09
131,Kiran,50.0,Sales,46837,kiran131@company.com,2024-07-08
132,Kiran,34.0,HR,83780,kiran132@company.com,2019-05-21
133,Aarav,47.0,IT,116289,aarav133@company.com,2024-08-20
134,Arjun,52.0,Marketing,34441,arjun134@company.com,2025-12-20
135,Kavya,51.0,Support,38073,,2025-02-13
136,Kiran,38.0,HR,82590,kiran136@company.com,2019-12-04
137,Neha,55.0,IT,102651,neha137@company.com,2025-11-22
138,Kiran,35.0,Support,37203,kiran138@company.com,2018-01-14
139,Manoj,44.0,IT,25831,manoj139@company.com,2021-06-12
140,Pooja,49.0,Marketing,81684,pooja140@company.com,2018-04-17
141,Meena,28.0,Sales,78824,meena141@company.com,2021-09-26
142,Vikram,44.0,Marketing,111004,vikram142@company.com,2024-12-28
143,Vikram,28.0,Support,39365,vikram143@company.com,2020-01-20
144,Priya,58.0,HR,110356,priya144@company.com,2020-10-11
145,Rahul,21.0,Marketing,67939,rahul145@company.com,2022-12-13
146,Priya,47.0,Marketing,86041,priya146@company.com,2019-03-08
147,Nikhil,25.0,Sales,55582,nikhil147@company.com,2024-04-17
148,Aarav,24.0,Finance,65635,aarav148@company.com,2021-11-12
149,Anjali,39.0,Sales,116984,anjali149@company.com,2023-11-16
150,Diya,35.0,Sales,77731,diya150@company.com,2022-03-08
151,Aarav,53.0,IT,95162,,2019-02-03
152,Aarav,58.0,IT,87584,aarav152@company.com,2019-08-23
153,Aarav,42.0,Support,86233,aarav153@company.com,2021-05-26
154,Manoj,53.0,Sales,96545,manoj154@company.com,2019-02-24
155,Ravi,26.0,Finance,96268,ravi155@company.com,2019-01-01
156,Rohan,38.0,Sales,89875,rohan156@company.com,2025-03-10
157,Priya,53.0,IT,25479,priya157@company.com,2025-10-14
158,Divya,57.0,HR,30596,divya158@company.com,2023-08-20
159,Aarav,53.0,Marketing,101720,aarav159@company.com,2024-09-16
160,Suresh,52.0,IT,45483,,2020-03-23
161,Asha,58.0,HR,58905,asha161@company.com,2018-01-07
162,Vikram,23.0,Sales,80357,vikram162@company.com,2021-05-05
163,Suresh,26.0,Finance,-2248,suresh163@company.com,2018-10-13
164,Asha,30.0,IT,71530,asha164@company.com,2019-07-03
165,Neha,39.0,Finance,45315,neha165@company.com,2023-03-25
166,Manoj,24.0,IT,69693,manoj166@company.com,2020-11-27
167,Rohan,56.0,IT,41236,rohan167@company.com,2024-12-14
168,Meena,,IT,77660,meena168@company.com,2019-02-22
169,Kavya,42.0,Finance,106712,kavya169@company.com,2023-02-26
170,Kiran,46.0,IT,-6881,kiran170@company.com,2020-01-10
171,Nikhil,45.0,HR,43300,nikhil171@company.com,2025-04-28
172,Kiran,41.0,IT,91793,kiran172@company.com,2021-01-06
173,Asha,36.0,HR,32882,asha173@company.com,2021-01-22
174,Aarav,48.0,Marketing,73500,aarav174@company.com,2024-07-16
175,Anjali,45.0,Sales,82316,anjali175@company.com,2024-05-04
176,Rohan,32.0,Finance,30135,rohan176@company.com,2025-04-04
177,Ravi,48.0,Sales,108168,ravi177@company.com,2020-01-21
178,Arjun,50.0,Finance,45285,arjun178@company.com,2019-03-05
179,Rahul,22.0,Finance,105744,rahul179@company.com,2020-10-28
180,Nikhil,43.0,Support,57983,nikhil180@company.com,2018-09-07
181,Rahul,48.0,Marketing,107252,rahul181@company.com,2018-12-11
182,Nikhil,33.0,IT,105112,nikhil182@company.com,2019-08-26
183,Divya,25.0,Marketing,99778,divya183@company.com,2019-10-08
184,Asha,40.0,Sales,102721,asha184@company.com,2023-04-06
185,Diya,49.0,Support,26628,diya185@company.com,2021-10-10
186,Priya,47.0,Sales,53811,priya186@company.com,2023-02-07
187,Kiran,44.0,Finance,69663,kiran187@company.com,2019-03-14
188,Nikhil,53.0,Support,101939,nikhil188@company.com,2018-04-01
189,Suresh,60.0,IT,90574,suresh189@company.com,2021-01-05
190,Divya,,HR,52104,divya190@company.com,2023-11-07
191,Meena,51.0,Finance,98036,meena191@company.com,2024-01-27
192,Divya,27.0,IT,104199,divya192@company.com,2021-05-02
193,Sneha,26.0,Marketing,95100,sneha193@company.com,2024-12-20
194,Anjali,24.0,HR,96604,anjali194@company.com,2020-01-02
195,Priya,35.0,Finance,38355,priya195@company.com,2023-10-26
196,Anjali,55.0,HR,109791,anjali196@company.com,2025-12-23
197,Arjun,58.0,Sales,81842,arjun197@company.com,2021-01-26
198,Neha,40.0,Support,101338,neha198@company.com,2022-02-20
199,Manoj,51.0,IT,77244,manoj199@company.com,2018-03-04
200,Diya,34.0,Marketing,51921,diya200@company.com,2019-01-28
201,Divya,25.0,Support,63919,divya201@company.com,2019-08-09
202,Divya,54.0,Support,-39672,divya202@company.com,2018-04-11
203,Neha,53.0,Finance,68398,neha203@company.com,2021-12-07
204,Vikram,42.0,Sales,49044,vikram204@company.com,2024-11-24
205,Nikhil,55.0,Sales,117639,nikhil205@company.com,2024-07-09
206,Asha,38.0,Sales,33906,asha206@company.com,2024-11-03
207,Kavya,,Support,92880,kavya207@company.com,2018-06-24
208,Meena,41.0,Sales,48256,meena208@company.com,2021-02-13
209,Vikram,44.0,Finance,61878,vikram209@company.com,2018-05-04
210,Pooja,58.0,Sales,106752,pooja210@company.com,2024-04-02
211,Pooja,36.0,Marketing,37480,pooja211@company.com,2020-10-11
212,Kiran,39.0,Sales,106336,kiran212@company.com,2022-11-28
213,Ravi,33.0,HR,62693,ravi213@company.com,2020-07-19
214,Priya,34.0,Sales,105994,priya214@company.com,2023-03-27
215,Rohan,46.0,Marketing,53020,rohan215@company.com,2024-09-03
216,Meena,53.0,Finance,94059,meena216@company.com,2024-11-13
217,Asha,30.0,HR,32113,asha217@company.com,2021-04-27
218,Nikhil,59.0,Sales,32975,nikhil218@company.com,2024-03-12
219,Kiran,48.0,Finance,77056,kiran219@company.com,2019-03-08
220,Sneha,25.0,Marketing,50666,,2022-04-25
221,Meena,22.0,Finance,67624,meena221@company.com,2025-03-25
222,Aarav,36.0,Sales,66351,aarav222@company.com,2023-06-26
223,Aarav,25.0,Marketing,78218,aarav223@company.com,2019-02-03
224,Anjali,55.0,IT,-2533,anjali224@company.com,2019-05-15
225,Rohan,25.0,Marketing,111224,rohan225@company.com,2022-11-24
226,Diya,33.0,IT,64825,diya226@company.com,2021-06-09
227,Suresh,31.0,IT,26949,suresh227@company.com,2022-02-22
228,Diya,36.0,Marketing,118219,diya228@company.com,2022-04-01
229,Suresh,31.0,Sales,85532,suresh229@company.com,2022-02-15
230,Rohan,50.0,IT,104476,rohan230@company.com,2023-09-06
231,Suresh,52.0,HR,74628,suresh231@company.com,2019-08-24
232,Rohan,38.0,Marketing,31057,rohan232@company.com,2024-12-17
233,Kiran,52.0,Finance,86522,kiran233@company.com,2019-02-04
234,Manoj,37.0,Support,45081,manoj234@company.com,2024-03-15
235,Rohan,48.0,IT,47263,,2020-12-27
236,Kiran,37.0,IT,51640,kiran236@company.com,2025-04-15
237,Neha,33.0,Finance,51706,neha237@company.com,2024-05-11
238,Manoj,40.0,Marketing,36950,manoj238@company.com,2023-09-26
239,Manoj,25.0,Finance,31417,manoj239@company.com,2025-01-03
240,Diya,46.0,Support,-15687,diya240@company.com,2020-05-10
241,Neha,25.0,IT,77785,neha241@company.com,2020-09-02
242,Diya,25.0,IT,105856,diya242@company.com,2019-05-04
243,Rahul,27.0,Sales,41653,rahul243@company.com,2023-10-13
244,Arjun,25.0,Support,73253,arjun244@company.com,2023-11-01
245,Divya,,IT,62704,divya245@company.com,2019-02-07
246,Divya,60.0,Sales,102843,divya246@company.com,2018-08-22
247,Suresh,45.0,Marketing,112643,suresh247@company.com,2019-01-01
248,Meena,32.0,HR,97248,meena248@company.com,2021-06-24
249,Rohan,52.0,Sales,63931,rohan249@company.com,2022-06-04
250,Nikhil,26.0,Marketing,41548,nikhil250@company.com,2024-02-23
251,Asha,58.0,Support,26394,asha251@company.com,2018-07-13
252,Nikhil,,IT,77864,nikhil252@company.com,2024-04-27
253,Nikhil,32.0,Marketing,26507,nikhil253@company.com,2020-02-27
254,Rahul,25.0,Finance,75686,rahul254@company.com,2024-03-01
255,Asha,28.0,Sales,34613,asha255@company.com,2023-05-10
256,Divya,44.0,IT,74393,divya256@company.com,2025-03-11
257,Ravi,47.0,HR,105533,invalid_email,2019-01-25
258,Sneha,41.0,HR,41646,sneha258@company.com,2020-01-02
259,Arjun,31.0,IT,97259,arjun259@company.com,2023-05-19
260,Anjali,,Sales,35272,anjali260@company.com,2018-07-08
261,Neha,33.0,IT,40498,neha261@company.com,2018-08-04
262,Arjun,54.0,Sales,106369,arjun262@company.com,2022-10-22
263,Sneha,55.0,IT,66070,sneha263@company.com,2023-08-16
264,Manoj,44.0,Marketing,84715,manoj264@company.com,2021-04-26
265,Arjun,36.0,HR,27186,arjun265@company.com,2020-12-24
266,Nikhil,50.0,Sales,113199,nikhil266@company.com,2021-03-02
267,Nikhil,50.0,Finance,115296,nikhil267@company.com,2021-07-03
268,Kavya,36.0,Support,80965,kavya268@company.com,2024-05-13
269,Arjun,35.0,Support,75084,arjun269@company.com,2020-07-07
270,Suresh,31.0,HR,117865,suresh270@company.com,2020-03-07
271,Anjali,24.0,IT,98336,invalid_email,2025-11-07
272,Meena,36.0,Sales,81675,meena272@company.com,2023-07-02
273,Manoj,44.0,Support,101431,manoj273@company.com,2023-09-15
274,Kiran,40.0,Sales,76594,,2023-09-21
275,Divya,54.0,IT,41050,divya275@company.com,2023-12-28
276,Rahul,36.0,Finance,80980,rahul276@company.com,2019-07-01
277,Diya,58.0,Sales,38294,diya277@company.com,2019-02-05
278,Manoj,43.0,HR,43537,manoj278@company.com,2021-07-20
279,Vikram,-5.0,IT,119330,vikram279@company.com,2025-07-22
280,Divya,51.0,Sales,102107,divya280@company.com,2019-03-25
281,Diya,46.0,Sales,59740,diya281@company.com,2021-01-14
282,Vikram,23.0,Finance,47886,vikram282@company.com,2019-05-22
283,Asha,38.0,Finance,75609,asha283@company.com,2024-01-07
284,Sneha,33.0,Finance,43701,,2025-09-28
285,Priya,,Support,54576,priya285@company.com,2020-04-01
286,Asha,33.0,Marketing,56850,asha286@company.com,2021-05-22
287,Arjun,50.0,Support,33560,arjun287@company.com,2023-02-24
288,Neha,27.0,HR,83263,neha288@company.com,2022-11-10
289,Sneha,32.0,Finance,28221,sneha289@company.com,2020-02-23
290,Rohan,38.0,IT,64911,rohan290@company.com,2023-05-28
291,Asha,24.0,HR,80439,asha291@company.com,2021-04-22
292,Neha,52.0,Marketing,66150,neha292@company.com,2024-01-04
293,Sneha,51.0,Sales,25524,sneha293@company.com,2023-11-02
294,Nikhil,32.0,Sales,98764,nikhil294@company.com,2019-05-17
295,Priya,49.0,Marketing,38969,priya295@company.com,2024-12-22
296,Manoj,25.0,Finance,59742,manoj296@company.com,2024-09-04
297,Vikram,22.0,HR,45503,vikram297@company.com,2021-12-17
298,Pooja,32.0,Finance,101118,pooja298@company.com,2021-03-15
299,Vikram,,HR,93272,vikram299@company.com,2025-06-08
300,Neha,42.0,IT,83664,neha300@company.com,2020-11-07
301,Pooja,36.0,HR,118833,pooja301@company.com,2023-06-16
302,Anjali,47.0,Sales,70569,anjali302@company.com,2025-09-01
303,Vikram,50.0,HR,49433,vikram303@company.com,2022-09-10
304,Suresh,54.0,Sales,53745,suresh304@company.com,2022-12-16
305,Manoj,47.0,IT,84790,manoj305@company.com,2022-11-10
306,Aarav,,Sales,-25352,aarav306@company.com,2024-06-19
307,Vikram,54.0,Sales,101346,vikram307@company.com,2019-08-18
308,Ravi,27.0,Support,44796,ravi308@company.com,2020-09-07
309,Rohan,50.0,Finance,106553,rohan309@company.com,2018-10-04
310,Divya,35.0,Sales,73408,divya310@company.com,2018-05-05
311,Pooja,50.0,Marketing,109250,pooja311@company.com,2022-06-02
312,Kavya,23.0,Support,30743,kavya312@company.com,2020-09-19
313,Rohan,37.0,Support,111453,rohan313@company.com,2018-12-20
314,Nikhil,43.0,Sales,59719,nikhil314@company.com,2024-10-14
315,Anjali,55.0,HR,52559,invalid_email,2020-02-13
316,Suresh,40.0,IT,87994,suresh316@company.com,2024-10-06
317,Divya,40.0,Marketing,91407,divya317@company.com,2024-06-14
318,Sneha,33.0,Sales,84203,sneha318@company.com,2023-05-19
319,Rahul,46.0,Finance,71764,rahul319@company.com,2025-03-18
320,Anjali,48.0,HR,76319,anjali320@company.com,2019-05-03
321,Kavya,26.0,IT,118619,kavya321@company.com,2024-01-13
322,Divya,43.0,IT,95776,divya322@company.com,2023-03-03
323,Manoj,42.0,Support,26660,manoj323@company.com,2019-06-01
324,Pooja,26.0,Marketing,98793,pooja324@company.com,2024-11-17
325,Ravi,34.0,HR,70588,,2023-03-26
326,Arjun,37.0,IT,58274,arjun326@company.com,2018-12-26
327,Divya,44.0,Support,100146,divya327@company.com,2022-06-05
328,Anjali,39.0,Sales,109705,anjali328@company.com,2019-01-12
329,Suresh,51.0,Sales,78615,suresh329@company.com,2018-06-21
330,Kiran,51.0,HR,76935,kiran330@company.com,2024-01-24
331,Rohan,44.0,Support,92167,rohan331@company.com,2020-02-18
332,Asha,37.0,IT,82809,asha332@company.com,2021-02-04
333,Suresh,43.0,Support,71417,suresh333@company.com,2023-06-10
334,Arjun,44.0,Sales,60756,arjun334@company.com,2023-06-10
335,Manoj,32.0,HR,93955,manoj335@company.com,2024-07-24
336,Aarav,60.0,IT,96216,aarav336@company.com,2020-05-19
337,Aarav,43.0,Support,48516,aarav337@company.com,2019-09-05
338,Divya,32.0,IT,104660,divya338@company.com,2020-12-16
339,Priya,,IT,66847,priya339@company.com,2025-11-07
340,Aarav,32.0,Marketing,99793,aarav340@company.com,2022-05-18
341,Anjali,55.0,Marketing,91168,anjali341@company.com,2022-02-05
342,Kiran,54.0,HR,27987,invalid_email,2021-02-03
343,Priya,29.0,Marketing,77802,priya343@company.com,2023-01-21
344,Pooja,33.0,IT,93027,pooja344@company.com,2018-12-21
345,Vikram,56.0,Marketing,76076,invalid_email,2023-08-25
346,Suresh,45.0,Support,61803,suresh346@company.com,2025-03-25
347,Rohan,-5.0,Sales,86804,rohan347@company.com,2021-06-02
348,Divya,51.0,IT,62489,divya348@company.com,2023-02-18
349,Sneha,51.0,Sales,117855,sneha349@company.com,2018-05-26
350,Meena,23.0,IT,56322,meena350@company.com,2019-06-10
351,Diya,50.0,Marketing,101923,diya351@company.com,2019-01-27
352,Nikhil,51.0,Marketing,114292,nikhil352@company.com,2023-09-15
353,Pooja,30.0,HR,39443,pooja353@company.com,2024-04-08
354,Meena,37.0,Marketing,31679,meena354@company.com,2022-10-19
355,Divya,58.0,IT,30795,divya355@company.com,2019-08-05
356,Kavya,34.0,IT,87176,kavya356@company.com,2020-04-24
357,Diya,27.0,HR,78805,diya357@company.com,2019-03-02
358,Aarav,30.0,Support,111531,aarav358@company.com,2021-04-09
359,Asha,33.0,IT,72736,asha359@company.com,2019-02-28
360,Arjun,26.0,Marketing,93301,arjun360@company.com,2018-02-24
361,Suresh,23.0,Sales,68119,suresh361@company.com,2021-06-16
362,Anjali,26.0,Support,43392,anjali362@company.com,2023-12-05
363,Vikram,55.0,IT,108785,vikram363@company.com,2019-05-06
364,Asha,34.0,Sales,40689,asha364@company.com,2021-04-06
365,Vikram,36.0,IT,47979,vikram365@company.com,2025-08-27
366,Ravi,40.0,Finance,82286,ravi366@company.com,2022-02-02
367,Neha,50.0,Marketing,88637,neha367@company.com,2020-05-17
368,Divya,44.0,Finance,-3629,divya368@company.com,2020-08-17
369,Kavya,35.0,Support,114612,kavya369@company.com,2020-03-24
370,Arjun,47.0,Support,46364,,2021-12-02
371,Rohan,35.0,Sales,99791,rohan371@company.com,2023-11-20
372,Sneha,54.0,Marketing,40987,sneha372@company.com,2022-06-20
373,Ravi,60.0,Sales,33682,,2019-05-20
374,Ravi,52.0,Sales,116091,ravi374@company.com,2018-06-15
375,Priya,24.0,Marketing,85054,priya375@company.com,2020-06-12
376,Sneha,43.0,IT,89134,sneha376@company.com,2024-08-22
377,Divya,54.0,Sales,118435,invalid_email,2019-02-13
378,Ravi,25.0,Sales,37643,ravi378@company.com,2024-05-04
379,Diya,51.0,IT,34388,,2021-02-28
380,Aarav,36.0,Support,25355,aarav380@company.com,2018-11-05
381,Sneha,37.0,HR,56724,sneha381@company.com,2025-02-23
382,Ravi,48.0,Marketing,78614,ravi382@company.com,2022-03-12
383,Arjun,35.0,Marketing,59331,arjun383@company.com,2021-06-09
384,Asha,33.0,IT,46406,asha384@company.com,2020-10-17
385,Pooja,36.0,HR,118052,pooja385@company.com,2021-12-05
386,Vikram,39.0,Finance,90449,,2022-03-13
387,Pooja,27.0,Finance,41447,pooja387@company.com,2021-09-07
388,Anjali,53.0,Marketing,70800,anjali388@company.com,2024-12-01
389,Rohan,56.0,Finance,108214,rohan389@company.com,2025-02-08
390,Aarav,34.0,Finance,69709,aarav390@company.com,2021-11-18
391,Diya,60.0,Sales,31664,diya391@company.com,2018-12-27
392,Ravi,51.0,Marketing,56427,ravi392@company.com,2025-09-18
393,Neha,22.0,Sales,64984,neha393@company.com,2021-03-26
394,Pooja,35.0,HR,90472,pooja394@company.com,2025-03-17
395,Anjali,58.0,Marketing,26551,anjali395@company.com,2020-12-27
396,Diya,31.0,Marketing,88272,diya396@company.com,2024-06-17
397,Kiran,35.0,IT,61622,kiran397@company.com,2025-06-21
398,Meena,36.0,HR,28775,meena398@company.com,2019-05-26
399,Suresh,45.0,Finance,112792,suresh399@company.com,2025-05-12
400,Rahul,57.0,HR,95843,rahul400@company.com,2024-11-21
401,Divya,22.0,Support,39762,divya401@company.com,2020-11-26
402,Nikhil,56.0,HR,106509,nikhil402@company.com,2019-09-22
403,Diya,46.0,HR,27939,diya403@company.com,2019-01-07
404,Arjun,21.0,IT,113061,arjun404@company.com,2018-04-13
405,Suresh,42.0,HR,92932,suresh405@company.com,2025-04-20
406,Sneha,34.0,Support,34672,sneha406@company.com,2019-08-26
407,Kavya,39.0,Finance,89003,kavya407@company.com,2024-01-25
408,Nikhil,30.0,Sales,106213,nikhil408@company.com,2024-09-21
409,Manoj,27.0,Support,-31558,manoj409@company.com,2024-10-18
410,Asha,52.0,Marketing,82757,asha410@company.com,2020-07-18
411,Nikhil,27.0,HR,99498,nikhil411@company.com,2018-03-06
412,Aarav,55.0,IT,52770,aarav412@company.com,2024-11-18
413,Neha,41.0,Sales,82770,neha413@company.com,2019-04-26
414,Kiran,29.0,HR,31703,kiran414@company.com,2018-10-28
415,Suresh,26.0,Sales,49547,suresh415@company.com,2024-05-27
416,Rohan,36.0,Support,48027,rohan416@company.com,2023-04-08
417,Suresh,37.0,IT,76275,suresh417@company.com,2024-01-16
418,Asha,,Support,93861,asha418@company.com,2020-12-14
419,Pooja,47.0,Support,108672,pooja419@company.com,2018-03-12
420,Vikram,29.0,Finance,69229,vikram420@company.com,2025-04-15
421,Suresh,47.0,Finance,62409,suresh421@company.com,2025-09-27
422,Kavya,25.0,IT,111080,kavya422@company.com,2023-01-15
423,Divya,49.0,Sales,66430,divya423@company.com,2020-06-26
424,Meena,43.0,HR,28236,meena424@company.com,2025-07-17
425,Suresh,59.0,Finance,86688,suresh425@company.com,2019-03-07
426,Neha,59.0,IT,90685,neha426@company.com,2019-12-19
427,Sneha,26.0,Finance,25652,sneha427@company.com,2025-01-04
428,Rohan,56.0,Finance,72197,rohan428@company.com,2023-06-10
429,Arjun,25.0,IT,83512,arjun429@company.com,2023-06-27
430,Neha,26.0,Marketing,35408,neha430@company.com,2018-12-09
431,Divya,51.0,HR,32678,divya431@company.com,2021-10-01
432,Divya,22.0,Finance,39483,divya432@company.com,2025-09-03
433,Neha,57.0,Finance,50157,neha433@company.com,2024-01-18
434,Kiran,46.0,HR,63038,kiran434@company.com,2025-04-14
435,Aarav,48.0,HR,77403,aarav435@company.com,2024-07-10
436,Aarav,52.0,Finance,103385,aarav436@company.com,2025-09-02
437,Rohan,49.0,Finance,64369,rohan437@company.com,2023-06-21
438,Rahul,25.0,Support,-24351,rahul438@company.com,2024-09-02
439,Anjali,32.0,HR,31730,anjali439@company.com,2020-10-28
440,Arjun,45.0,HR,71681,arjun440@company.com,2023-07-13
441,Anjali,,Sales,49191,anjali441@company.com,2019-03-08
442,Sneha,43.0,IT,72867,sneha442@company.com,2023-10-09
443,Vikram,55.0,IT,104127,vikram443@company.com,2019-09-06
444,Neha,47.0,IT,113187,neha444@company.com,2021-01-18
445,Nikhil,42.0,Finance,70616,nikhil445@company.com,2022-06-22
446,Arjun,29.0,Sales,100786,arjun446@company.com,2023-08-11
447,Pooja,,Marketing,63758,pooja447@company.com,2024-07-03
448,Kiran,46.0,Sales,78539,kiran448@company.com,2018-03-27
449,Manoj,34.0,Finance,44789,manoj449@company.com,2024-02-12
450,Aarav,50.0,Marketing,78177,aarav450@company.com,2025-12-14
451,Rohan,52.0,HR,56863,rohan451@company.com,2025-06-10
452,Ravi,59.0,HR,49025,ravi452@company.com,2022-12-17
453,Ravi,150.0,IT,89609,ravi453@company.com,2020-11-23
454,Diya,39.0,IT,115791,diya454@company.com,2019-05-19
455,Vikram,34.0,Support,102351,vikram455@company.com,2021-12-02
456,Vikram,59.0,IT,71354,invalid_email,2025-09-08
457,Priya,47.0,HR,97091,priya457@company.com,2021-08-07
458,Vikram,37.0,HR,74629,vikram458@company.com,2018-05-04
459,Pooja,54.0,Finance,31416,pooja459@company.com,2021-09-02
460,Arjun,45.0,Sales,50267,arjun460@company.com,2024-02-05
461,Rohan,43.0,Finance,103592,rohan461@company.com,2025-08-11
462,Rohan,32.0,HR,113350,rohan462@company.com,2021-06-14
463,Priya,35.0,Finance,36874,priya463@company.com,2024-06-10
464,Priya,56.0,Marketing,56230,priya464@company.com,2021-05-17
465,Pooja,,IT,105220,pooja465@company.com,2025-10-19
466,Rahul,32.0,Marketing,94957,rahul466@company.com,2018-11-12
467,Asha,31.0,HR,111489,asha467@company.com,2021-03-21
468,Priya,49.0,Finance,70848,priya468@company.com,2020-02-08
469,Arjun,,Finance,74137,arjun469@company.com,2020-11-04
470,Neha,51.0,Marketing,99655,neha470@company.com,2020-03-28
471,Pooja,49.0,Finance,106886,pooja471@company.com,2020-05-28
472,Meena,55.0,Finance,34774,meena472@company.com,2021-07-27
473,Kiran,,Sales,44235,kiran473@company.com,2024-07-15
474,Divya,37.0,IT,97487,divya474@company.com,2018-03-13
475,Rohan,31.0,Marketing,98387,rohan475@company.com,2022-04-16
476,Meena,37.0,Finance,50667,meena476@company.com,2023-10-19
477,Arjun,38.0,Support,108344,arjun477@company.com,2024-07-10
478,Aarav,58.0,Support,33049,aarav478@company.com,2021-07-13
479,Meena,34.0,Marketing,59731,meena479@company.com,2024-01-16
480,Aarav,21.0,Marketing,36778,aarav480@company.com,2019-07-17
481,Vikram,49.0,HR,56369,vikram481@company.com,2025-05-14
482,Asha,57.0,IT,89394,asha482@company.com,2018-01-06
483,Ravi,43.0,IT,117427,ravi483@company.com,2021-12-09
484,Anjali,45.0,Finance,76730,anjali484@company.com,2019-06-14
485,Sneha,29.0,Finance,87172,sneha485@company.com,2018-01-20
486,Aarav,42.0,Marketing,68174,aarav486@company.com,2019-03-17
487,Divya,60.0,Marketing,99805,divya487@company.com,2021-02-08
488,Anjali,39.0,IT,75463,anjali488@company.com,2019-05-10
489,Aarav,56.0,IT,37679,aarav489@company.com,2023-03-26
490,Nikhil,47.0,Marketing,79224,invalid_email,2018-02-15
491,Arjun,23.0,HR,95285,,2021-07-13
492,Priya,57.0,Finance,45473,priya492@company.com,2020-07-15
493,Meena,51.0,Finance,-4136,meena493@company.com,2019-08-10
494,Ravi,34.0,Support,43128,ravi494@company.com,2020-02-10
495,Vikram,28.0,HR,-2185,vikram495@company.com,2020-06-11
496,Neha,34.0,HR,-30316,neha496@company.com,2022-04-14
497,Ravi,38.0,IT,97224,,2021-05-22
498,Meena,60.0,Marketing,110220,meena498@company.com,2022-02-26
499,Sneha,40.0,HR,38560,sneha499@company.com,2020-06-21
500,Meena,28.0,Sales,108483,meena500@company.com,2024-09-12
501,Rohan,51.0,Sales,107328,rohan501@company.com,2022-10-20
502,Divya,41.0,Marketing,86647,divya502@company.com,2024-08-01
503,Anjali,28.0,Support,32279,anjali503@company.com,2019-10-02
504,Kavya,51.0,Sales,70534,kavya504@company.com,2022-10-21
505,Suresh,35.0,HR,-39679,suresh505@company.com,2019-11-14
506,Meena,37.0,IT,111706,meena506@company.com,2024-09-26
507,Neha,27.0,HR,119677,neha507@company.com,2025-05-18
508,Manoj,,Finance,69249,manoj508@company.com,2022-10-19
509,Anjali,55.0,Finance,44103,anjali509@company.com,2025-03-02
510,Aarav,48.0,Support,27469,aarav510@company.com,2025-05-02
511,Divya,30.0,Support,107423,divya511@company.com,2021-03-20
512,Asha,24.0,IT,119365,asha512@company.com,2024-03-08
513,Priya,37.0,Sales,56763,,2024-04-25
514,Manoj,22.0,Marketing,62354,manoj514@company.com,2018-03-02
515,Rohan,51.0,HR,30307,rohan515@company.com,2025-05-26
516,Manoj,38.0,IT,94582,,2022-12-27
517,Nikhil,40.0,IT,32886,nikhil517@company.com,2018-07-15
518,Asha,24.0,Support,106399,asha518@company.com,2018-04-14
519,Manoj,52.0,Marketing,43317,manoj519@company.com,2022-07-01
520,Arjun,49.0,Marketing,58896,arjun520@company.com,2021-11-12
521,Ravi,47.0,Finance,119036,ravi521@company.com,2020-05-19
522,Vikram,31.0,Marketing,51708,vikram522@company.com,2023-10-05
523,Diya,36.0,Sales,41043,diya523@company.com,2021-06-06
524,Priya,37.0,HR,106983,priya524@company.com,2019-12-09
525,Pooja,33.0,Finance,56924,pooja525@company.com,2020-05-19
526,Kiran,42.0,IT,56584,kiran526@company.com,2025-03-17
527,Kiran,52.0,Support,96660,kiran527@company.com,2020-08-01
528,Kiran,37.0,Finance,32763,kiran528@company.com,2025-05-28
529,Vikram,25.0,HR,43045,vikram529@company.com,2019-12-16
530,Rohan,28.0,HR,42992,rohan530@company.com,2019-11-17
531,Kavya,46.0,HR,116494,kavya531@company.com,2024-08-24
532,Priya,22.0,IT,109350,priya532@company.com,2024-07-07
533,Priya,36.0,HR,30909,priya533@company.com,2019-07-17
534,Kiran,48.0,IT,112326,kiran534@company.com,2023-03-02
535,Neha,48.0,Marketing,41747,neha535@company.com,2022-10-28
536,Arjun,37.0,Finance,62604,arjun536@company.com,2020-12-02
537,Rahul,42.0,Finance,96820,rahul537@company.com,2022-08-01
538,Manoj,60.0,HR,31922,manoj538@company.com,2023-02-15
539,Ravi,35.0,Support,54804,ravi539@company.com,2021-01-09
540,Pooja,46.0,IT,70560,pooja540@company.com,2025-02-05
541,Sneha,29.0,Marketing,89155,sneha541@company.com,2024-03-22
542,Nikhil,26.0,HR,32415,nikhil542@company.com,2022-01-28
543,Pooja,24.0,Sales,102576,pooja543@company.com,2022-09-16
544,Sneha,35.0,IT,30913,sneha544@company.com,2025-03-03
545,Rahul,30.0,IT,53934,rahul545@company.com,2024-12-04
546,Aarav,60.0,IT,73832,aarav546@company.com,2022-07-10
547,Kavya,32.0,Marketing,33629,kavya547@company.com,2025-02-21
548,Meena,,Support,58970,meena548@company.com,2021-01-17
549,Diya,38.0,Finance,73312,diya549@company.com,2020-12-05
550,Sneha,,Finance,100677,sneha550@company.com,2020-07-24
551,Meena,52.0,Finance,74879,meena551@company.com,2025-02-27
552,Pooja,23.0,Support,80591,pooja552@company.com,2022-06-17
553,Nikhil,27.0,HR,115054,nikhil553@company.com,2018-06-25
554,Kavya,39.0,Finance,95000,kavya554@company.com,2022-12-15
555,Kiran,26.0,Support,86792,kiran555@company.com,2022-05-27
556,Nikhil,42.0,Marketing,28312,nikhil556@company.com,2024-02-12
557,Suresh,59.0,HR,79144,,2024-11-10
558,Arjun,55.0,Finance,53797,arjun558@company.com,2025-02-25
559,Meena,36.0,HR,30587,invalid_email,2023-02-10
560,Kiran,33.0,Support,28140,kiran560@company.com,2025-12-23
561,Neha,,HR,55069,neha561@company.com,2022-12-14
562,Pooja,54.0,Sales,49654,pooja562@company.com,2022-02-14
563,Rohan,57.0,Sales,102716,rohan563@company.com,2022-06-11
564,Aarav,,Finance,51899,aarav564@company.com,2019-11-27
565,Suresh,23.0,Marketing,87572,suresh565@company.com,2021-06-14
566,Diya,40.0,Finance,25011,diya566@company.com,2024-01-01
567,Rohan,47.0,Sales,25939,rohan567@company.com,2019-08-11
568,Sneha,,HR,27863,sneha568@company.com,2022-07-18
569,Kavya,49.0,Support,28434,kavya569@company.com,2018-05-02
570,Sneha,60.0,Marketing,67764,sneha570@company.com,2024-01-25
571,Suresh,43.0,Support,80510,suresh571@company.com,2018-01-19
572,Anjali,55.0,HR,49650,anjali572@company.com,2024-05-12
573,Aarav,,Finance,117136,aarav573@company.com,2020-06-09
574,Vikram,42.0,Support,82428,vikram574@company.com,2024-01-11
575,Rohan,38.0,Finance,62364,rohan575@company.com,2018-08-04
576,Meena,26.0,Marketing,114506,meena576@company.com,2022-03-20
577,Meena,27.0,IT,73434,meena577@company.com,2025-01-15
578,Anjali,34.0,IT,68446,,2021-03-28
579,Anjali,,Marketing,78785,anjali579@company.com,2021-11-11
580,Sneha,24.0,Sales,102186,sneha580@company.com,2020-03-24
581,Meena,56.0,Finance,105705,meena581@company.com,2020-11-14
582,Arjun,41.0,Finance,67488,arjun582@company.com,2018-04-03
583,Anjali,59.0,Sales,100604,anjali583@company.com,2018-05-15
584,Manoj,44.0,Finance,36413,manoj584@company.com,2019-01-21
585,Asha,43.0,Sales,52827,,2019-06-04
586,Sneha,25.0,IT,69440,sneha586@company.com,2023-12-17
587,Arjun,,HR,73546,arjun587@company.com,2023-01-25
588,Asha,51.0,Finance,99131,asha588@company.com,2021-04-07
589,Asha,,HR,103289,asha589@company.com,2025-06-06
590,Aarav,29.0,Sales,105569,aarav590@company.com,2018-06-10
591,Suresh,25.0,IT,90834,suresh591@company.com,2024-07-16
592,Kavya,54.0,Finance,55515,kavya592@company.com,2019-01-27
593,Anjali,43.0,HR,66060,anjali593@company.com,2021-09-23
594,Aarav,33.0,Sales,59951,aarav594@company.com,2019-11-14
595,Priya,32.0,HR,55540,,2018-02-10
596,Kiran,54.0,HR,65998,kiran596@company.com,2025-11-05
597,Manoj,45.0,HR,103758,manoj597@company.com,2019-04-15
598,Diya,,Support,50784,diya598@company.com,2020-12-25
599,Vikram,27.0,Marketing,31537,vikram599@company.com,2022-07-15
600,Anjali,,HR,26390,anjali600@company.com,2018-04-26
601,Pooja,54.0,HR,66067,pooja601@company.com,2022-09-11
602,Diya,54.0,Marketing,109265,invalid_email,2021-01-16
603,Divya,25.0,Marketing,-34679,divya603@company.com,2023-03-28
604,Nikhil,34.0,Sales,46945,nikhil604@company.com,2023-06-01
605,Rohan,39.0,Finance,33880,rohan605@company.com,2020-08-16
606,Sneha,49.0,Finance,-43095,sneha606@company.com,2019-06-19
607,Neha,57.0,IT,76132,neha607@company.com,2019-02-18
608,Meena,43.0,IT,31424,meena608@company.com,2023-03-25
609,Aarav,52.0,Sales,85360,aarav609@company.com,2023-02-24
610,Pooja,32.0,HR,37132,pooja610@company.com,2025-01-21
611,Priya,22.0,Finance,110789,priya611@company.com,2022-12-05
612,Neha,35.0,Support,33329,neha612@company.com,2025-08-27
613,Diya,31.0,Marketing,75476,diya613@company.com,2021-02-07
614,Neha,33.0,Support,117852,neha614@company.com,2019-01-16
615,Rahul,48.0,Finance,65988,rahul615@company.com,2024-12-21
616,Priya,32.0,HR,54438,priya616@company.com,2019-01-02
617,Kiran,56.0,IT,35894,,2024-12-19
618,Rohan,58.0,IT,69110,rohan618@company.com,2025-12-27
619,Neha,24.0,IT,53819,neha619@company.com,2023-05-13
620,Diya,,Finance,-23591,diya620@company.com,2025-10-23
621,Suresh,29.0,Support,38879,suresh621@company.com,2021-11-06
622,Vikram,50.0,Marketing,53567,vikram622@company.com,2018-09-08
623,Ravi,22.0,Finance,54097,ravi623@company.com,2019-09-26
624,Kiran,24.0,IT,33253,kiran624@company.com,2018-12-22
625,Arjun,47.0,Finance,88563,arjun625@company.com,2024-12-17
626,Neha,41.0,Marketing,101095,neha626@company.com,2022-06-26
627,Nikhil,56.0,Finance,85852,nikhil627@company.com,2019-04-16
628,Neha,28.0,IT,86303,neha628@company.com,2019-12-16
629,Rahul,54.0,Support,60596,rahul629@company.com,2021-10-23
630,Pooja,57.0,Marketing,65902,pooja630@company.com,2021-03-13
631,Ravi,42.0,IT,63955,ravi631@company.com,2022-09-03
632,Divya,44.0,HR,62743,divya632@company.com,2018-11-08
633,Nikhil,40.0,Sales,104683,nikhil633@company.com,2018-07-23
634,Rohan,48.0,Marketing,85040,rohan634@company.com,2019-03-17
635,Priya,28.0,IT,38665,priya635@company.com,2021-04-20
636,Suresh,54.0,HR,47352,suresh636@company.com,2024-11-17
637,Rahul,28.0,HR,42133,rahul637@company.com,2023-02-14
638,Meena,55.0,HR,57337,meena638@company.com,2018-09-26
639,Diya,21.0,Sales,107451,diya639@company.com,2023-02-27
640,Pooja,36.0,Sales,50955,pooja640@company.com,2025-07-11
641,Sneha,28.0,Marketing,114143,sneha641@company.com,2019-10-01
642,Nikhil,21.0,Sales,89004,nikhil642@company.com,2023-04-05
643,Suresh,23.0,HR,40918,suresh643@company.com,2020-09-21
644,Pooja,59.0,Sales,66044,pooja644@company.com,2024-03-08
645,Anjali,54.0,HR,76119,anjali645@company.com,2021-05-20
646,Diya,34.0,Sales,48084,diya646@company.com,2020-12-18
647,Kiran,21.0,Marketing,40827,kiran647@company.com,2022-06-21
648,Ravi,27.0,IT,68898,ravi648@company.com,2023-04-06
649,Suresh,33.0,Marketing,78938,suresh649@company.com,2024-08-12
650,Rahul,36.0,HR,62144,rahul650@company.com,2018-02-14
651,Aarav,29.0,HR,101286,aarav651@company.com,2020-10-05
652,Divya,41.0,HR,118683,divya652@company.com,2020-02-12
653,Neha,40.0,IT,71994,neha653@company.com,2025-04-21
654,Priya,30.0,HR,51645,priya654@company.com,2019-04-10
655,Priya,56.0,Finance,80391,priya655@company.com,2018-08-25
656,Neha,44.0,HR,95241,neha656@company.com,2022-12-16
657,Neha,36.0,Finance,109644,neha657@company.com,2022-01-24
658,Asha,57.0,HR,70764,asha658@company.com,2023-07-15
659,Asha,-5.0,Marketing,53785,asha659@company.com,2021-04-10
660,Asha,47.0,Sales,68163,asha660@company.com,2019-01-22
661,Meena,45.0,Support,69632,meena661@company.com,2023-08-19
662,Vikram,48.0,Marketing,103016,vikram662@company.com,2020-11-14
663,Meena,57.0,Finance,70441,meena663@company.com,2022-01-10
664,Pooja,24.0,Sales,31188,pooja664@company.com,2023-12-13
665,Ravi,37.0,IT,40672,ravi665@company.com,2021-06-09
666,Asha,43.0,HR,65535,asha666@company.com,2021-12-03
667,Vikram,23.0,Sales,48748,vikram667@company.com,2022-03-15
668,Rahul,44.0,IT,44856,rahul668@company.com,2020-02-25
669,Priya,51.0,Finance,26661,priya669@company.com,2018-11-04
670,Divya,37.0,HR,93624,divya670@company.com,2018-09-15
671,Rohan,21.0,Finance,47513,rohan671@company.com,2025-03-16
672,Rohan,55.0,HR,85290,rohan672@company.com,2018-09-25
673,Diya,40.0,Marketing,37586,diya673@company.com,2024-04-06
674,Divya,25.0,Finance,38747,divya674@company.com,2024-02-07
675,Aarav,56.0,HR,68833,invalid_email,2019-03-10
676,Pooja,32.0,IT,68419,pooja676@company.com,2018-02-12
677,Priya,32.0,HR,56401,priya677@company.com,2025-10-22
678,Manoj,48.0,Support,103346,manoj678@company.com,2024-01-01
679,Nikhil,,IT,66676,nikhil679@company.com,2023-07-07
680,Anjali,56.0,Marketing,75715,anjali680@company.com,2020-06-23
681,Aarav,22.0,Finance,63681,aarav681@company.com,2024-10-15
682,Meena,57.0,IT,113688,meena682@company.com,2020-05-20
683,Diya,59.0,IT,96180,diya683@company.com,2020-11-10
684,Ravi,37.0,Finance,86754,ravi684@company.com,2018-08-10
685,Aarav,30.0,Finance,31346,aarav685@company.com,2022-06-17
686,Neha,45.0,Support,83654,neha686@company.com,2023-05-27
687,Suresh,60.0,Sales,81140,suresh687@company.com,2020-07-13
688,Kavya,58.0,Marketing,51266,kavya688@company.com,2023-09-27
689,Meena,52.0,Marketing,44942,meena689@company.com,2023-06-16
690,Arjun,51.0,Marketing,29510,arjun690@company.com,2018-05-20
691,Sneha,23.0,Sales,38773,sneha691@company.com,2020-02-17
692,Vikram,49.0,IT,30998,vikram692@company.com,2021-08-13
693,Asha,43.0,IT,88246,asha693@company.com,2023-05-21
694,Meena,52.0,HR,38331,meena694@company.com,2019-11-08
695,Asha,46.0,Sales,37576,invalid_email,2018-11-22
696,Priya,49.0,IT,33449,priya696@company.com,2018-05-12
697,Diya,37.0,Finance,47880,diya697@company.com,2021-06-03
698,Kavya,50.0,IT,37896,kavya698@company.com,2020-08-27
699,Arjun,53.0,Finance,91833,arjun699@company.com,2019-12-20
700,Anjali,54.0,HR,84200,anjali700@company.com,2025-06-11
701,Ravi,21.0,Marketing,114741,ravi701@company.com,2024-11-05
702,Meena,59.0,HR,37001,meena702@company.com,2025-10-09
703,Neha,54.0,Support,82302,neha703@company.com,2023-03-04
704,Kavya,51.0,Sales,47163,kavya704@company.com,2022-01-21
705,Vikram,53.0,HR,109645,vikram705@company.com,2019-06-27
706,Kavya,25.0,Support,27699,kavya706@company.com,2018-04-25
707,Sneha,39.0,Support,105464,sneha707@company.com,2018-04-20
708,Neha,36.0,Support,95242,neha708@company.com,2020-10-24
709,Aarav,33.0,Finance,38788,aarav709@company.com,2018-10-08
710,Kavya,,Sales,97394,kavya710@company.com,2019-02-11
711,Priya,55.0,Finance,107696,priya711@company.com,2025-09-18
712,Ravi,25.0,Sales,105769,ravi712@company.com,2025-11-24
713,Diya,54.0,IT,51618,diya713@company.com,2025-12-13
714,Asha,59.0,Finance,25014,asha714@company.com,2021-09-19
715,Ravi,45.0,Marketing,54118,ravi715@company.com,2022-08-24
716,Nikhil,46.0,HR,118770,nikhil716@company.com,2018-02-21
717,Kiran,32.0,Marketing,41775,kiran717@company.com,2022-08-01
718,Anjali,50.0,Support,113176,anjali718@company.com,2024-04-27
719,Priya,58.0,IT,44553,priya719@company.com,2018-08-03
720,Sneha,44.0,Finance,113887,sneha720@company.com,2018-03-16
721,Kiran,56.0,Finance,77734,kiran721@company.com,2024-02-17
722,Divya,36.0,HR,101340,divya722@company.com,2023-07-04
723,Arjun,34.0,Support,106539,arjun723@company.com,2019-12-06
724,Sneha,42.0,HR,76570,sneha724@company.com,2024-11-04
725,Manoj,29.0,Marketing,59620,manoj725@company.com,2023-06-06
726,Kiran,55.0,IT,52587,kiran726@company.com,2022-05-15
727,Neha,54.0,HR,85063,neha727@company.com,2022-01-09
728,Kiran,51.0,Support,77254,kiran728@company.com,2024-04-08
729,Kiran,25.0,Support,96762,kiran729@company.com,2024-01-16
730,Kavya,43.0,Sales,65079,kavya730@company.com,2018-01-11
731,Suresh,31.0,IT,64050,suresh731@company.com,2023-01-03
732,Aarav,34.0,HR,72659,aarav732@company.com,2024-03-14
733,Diya,27.0,IT,91815,diya733@company.com,2024-07-21
734,Nikhil,36.0,Marketing,111144,nikhil734@company.com,2025-07-06
735,Asha,35.0,Sales,68389,asha735@company.com,2022-11-19
736,Neha,39.0,Support,75562,neha736@company.com,2018-06-18
737,Aarav,50.0,Sales,37630,aarav737@company.com,2021-08-25
738,Arjun,40.0,Sales,59871,arjun738@company.com,2023-10-14
739,Vikram,27.0,Sales,45003,vikram739@company.com,2021-12-09
740,Sneha,56.0,Marketing,81046,sneha740@company.com,2019-09-27
741,Kavya,52.0,Sales,109202,kavya741@company.com,2019-03-18
742,Pooja,33.0,HR,39580,pooja742@company.com,2023-11-09
743,Meena,24.0,HR,28947,meena743@company.com,2025-04-16
744,Kavya,58.0,Support,109375,kavya744@company.com,2024-07-25
745,Ravi,34.0,Finance,30137,ravi745@company.com,2022-03-24
746,Suresh,59.0,IT,-17013,suresh746@company.com,2021-08-19
747,Kavya,24.0,Finance,36969,kavya747@company.com,2019-12-06
748,Anjali,150.0,Sales,71904,anjali748@company.com,2018-07-04
749,Aarav,21.0,Finance,50144,aarav749@company.com,2019-10-04
750,Divya,43.0,IT,36703,,2019-03-01
751,Nikhil,,IT,115126,nikhil751@company.com,2025-05-17
752,Vikram,48.0,Finance,113219,vikram752@company.com,2022-02-09
753,Arjun,39.0,Finance,59945,arjun753@company.com,2024-01-20
754,Pooja,30.0,Marketing,51299,pooja754@company.com,2019-10-14
755,Meena,28.0,Sales,95067,invalid_email,2021-05-10
756,Nikhil,150.0,HR,79407,nikhil756@company.com,2018-11-08
757,Vikram,24.0,Marketing,26489,vikram757@company.com,2024-03-13
758,Priya,55.0,IT,27399,priya758@company.com,2020-04-07
759,Asha,41.0,HR,71448,asha759@company.com,2019-05-01
760,Nikhil,58.0,Finance,114607,nikhil760@company.com,2024-08-05
761,Rohan,55.0,Sales,83752,rohan761@company.com,2022-03-20
762,Manoj,41.0,Sales,116173,manoj762@company.com,2020-02-21
763,Kiran,51.0,IT,77377,kiran763@company.com,2021-06-25
764,Anjali,44.0,Finance,-27317,,2024-11-14
765,Vikram,52.0,Marketing,80075,vikram765@company.com,2022-06-26
766,Kiran,51.0,Sales,76605,kiran766@company.com,2023-11-05
767,Meena,58.0,Finance,55934,meena767@company.com,2022-07-21
768,Kiran,57.0,IT,49876,kiran768@company.com,2019-11-07
769,Neha,33.0,Support,113354,neha769@company.com,2021-10-09
770,Ravi,42.0,Finance,83740,ravi770@company.com,2021-02-22
771,Diya,50.0,Sales,42113,diya771@company.com,2023-10-04
772,Pooja,36.0,Marketing,107086,,2024-10-11
773,Rahul,51.0,Support,98976,rahul773@company.com,2019-08-27
774,Meena,54.0,Marketing,84711,meena774@company.com,2019-08-22
775,Asha,38.0,Sales,34210,asha775@company.com,2023-02-26
776,Asha,50.0,HR,99917,asha776@company.com,2023-04-14
777,Neha,24.0,Sales,29473,neha777@company.com,2022-05-27
778,Diya,25.0,HR,35913,diya778@company.com,2019-08-14
779,Rohan,51.0,Marketing,119980,rohan779@company.com,2020-02-27
780,Divya,60.0,HR,77424,divya780@company.com,2025-09-16
781,Priya,-5.0,Support,52586,priya781@company.com,2024-12-11
782,Asha,43.0,Marketing,28685,asha782@company.com,2022-06-22
783,Sneha,26.0,IT,103355,sneha783@company.com,2020-01-15
784,Kavya,55.0,IT,70925,kavya784@company.com,2020-09-11
785,Vikram,28.0,IT,39154,vikram785@company.com,2025-01-14
786,Divya,36.0,IT,101465,divya786@company.com,2018-06-22
787,Diya,33.0,Marketing,116109,diya787@company.com,2022-02-19
788,Aarav,29.0,IT,39694,aarav788@company.com,2021-08-09
789,Ravi,26.0,Finance,103920,ravi789@company.com,2024-09-09
790,Rohan,30.0,IT,34584,rohan790@company.com,2022-08-24
791,Neha,36.0,IT,110660,neha791@company.com,2021-02-19
792,Asha,25.0,Finance,29259,asha792@company.com,2022-05-11
793,Suresh,34.0,Finance,72580,suresh793@company.com,2019-07-07
794,Arjun,34.0,Support,59290,arjun794@company.com,2023-06-28
795,Sneha,60.0,HR,71174,sneha795@company.com,2020-07-25
796,Pooja,56.0,Marketing,30190,pooja796@company.com,2020-02-19
797,Neha,52.0,Support,55370,neha797@company.com,2020-04-19
798,Nikhil,36.0,Finance,-44908,nikhil798@company.com,2020-10-11
799,Nikhil,45.0,Sales,91443,nikhil799@company.com,2025-05-12
800,Sneha,45.0,Sales,75782,sneha800@company.com,2019-07-20
801,Divya,52.0,Finance,73879,divya801@company.com,2018-11-13
802,Diya,60.0,Sales,102059,diya802@company.com,2022-06-17
803,Rahul,27.0,IT,72008,rahul803@company.com,2019-01-13
804,Sneha,27.0,Support,58159,sneha804@company.com,2022-03-06
805,Manoj,59.0,Sales,108109,manoj805@company.com,2022-08-06
806,Anjali,54.0,Sales,61054,anjali806@company.com,2025-12-14
807,Kiran,35.0,Marketing,43010,kiran807@company.com,2018-12-17
808,Meena,28.0,Finance,27239,meena808@company.com,2022-05-09
809,Rohan,54.0,Finance,92151,rohan809@company.com,2024-03-08
810,Vikram,33.0,IT,116185,vikram810@company.com,2024-10-23
811,Ravi,30.0,IT,89059,,2019-02-08
812,Sneha,35.0,Support,85050,sneha812@company.com,2019-07-26
813,Divya,55.0,IT,94471,divya813@company.com,2020-02-20
814,Meena,35.0,Sales,101657,meena814@company.com,2022-08-12
815,Meena,35.0,Marketing,85890,meena815@company.com,2022-05-18
816,Manoj,39.0,IT,31292,manoj816@company.com,2020-01-14
817,Asha,45.0,Finance,45756,asha817@company.com,2024-10-11
818,Anjali,55.0,Finance,115205,anjali818@company.com,2025-08-15
819,Rahul,51.0,Marketing,45474,rahul819@company.com,2025-07-06
820,Priya,29.0,Marketing,78205,priya820@company.com,2021-07-23
821,Arjun,24.0,IT,31330,arjun821@company.com,2018-06-06
822,Kavya,-5.0,Sales,37745,kavya822@company.com,2023-05-22
823,Neha,36.0,Finance,110897,neha823@company.com,2023-03-07
824,Sneha,,Support,61819,sneha824@company.com,2024-06-25
825,Suresh,26.0,Sales,40903,suresh825@company.com,2020-10-05
826,Anjali,,Finance,89234,anjali826@company.com,2025-02-14
827,Pooja,60.0,IT,74363,pooja827@company.com,2023-09-18
828,Kavya,54.0,Marketing,49694,kavya828@company.com,2023-02-12
829,Meena,24.0,Support,85371,meena829@company.com,2018-05-13
830,Neha,44.0,Sales,34298,neha830@company.com,2024-03-02
831,Rohan,49.0,Marketing,75803,rohan831@company.com,2024-09-09
832,Kiran,49.0,Sales,83379,kiran832@company.com,2022-06-17
833,Anjali,53.0,IT,104790,anjali833@company.com,2025-07-06
834,Rohan,34.0,Finance,27866,rohan834@company.com,2021-08-09
835,Arjun,52.0,Finance,70140,arjun835@company.com,2024-10-24
836,Asha,21.0,Finance,98434,asha836@company.com,2019-06-21
837,Arjun,24.0,HR,79008,arjun837@company.com,2023-06-21
838,Manoj,39.0,HR,38927,manoj838@company.com,2022-04-08
839,Vikram,30.0,Marketing,79507,vikram839@company.com,2023-06-15
840,Priya,43.0,Marketing,73616,priya840@company.com,2021-06-05
841,Sneha,31.0,HR,57585,sneha841@company.com,2023-05-20
842,Anjali,35.0,Finance,40168,anjali842@company.com,2018-08-11
843,Pooja,36.0,Marketing,30994,pooja843@company.com,2020-12-11
844,Sneha,33.0,HR,84810,sneha844@company.com,2023-03-15
845,Asha,54.0,Sales,118079,asha845@company.com,2021-03-16
846,Arjun,30.0,Finance,98243,arjun846@company.com,2023-12-12
847,Pooja,46.0,Sales,110114,pooja847@company.com,2025-12-18
848,Diya,52.0,Sales,50977,diya848@company.com,2019-03-04
849,Rohan,27.0,HR,99410,rohan849@company.com,2021-12-04
850,Kiran,33.0,Support,79842,kiran850@company.com,2022-08-06
851,Ravi,51.0,Sales,37278,ravi851@company.com,2025-01-06
852,Divya,50.0,IT,96859,divya852@company.com,2023-09-11
853,Arjun,37.0,IT,89883,arjun853@company.com,2025-03-16
854,Neha,28.0,IT,86093,neha854@company.com,2022-01-01
855,Anjali,,Marketing,69830,anjali855@company.com,2024-11-02
856,Rahul,58.0,IT,119279,rahul856@company.com,2025-10-21
857,Sneha,49.0,Support,68460,sneha857@company.com,2023-05-07
858,Ravi,53.0,Marketing,56661,ravi858@company.com,2018-04-02
859,Diya,26.0,Marketing,54482,,2021-10-01
860,Anjali,21.0,Support,86413,anjali860@company.com,2022-04-19
861,Anjali,42.0,Support,53367,anjali861@company.com,2025-03-04
862,Asha,23.0,Sales,81231,asha862@company.com,2018-06-14
863,Ravi,36.0,Sales,49041,ravi863@company.com,2024-05-28
864,Anjali,47.0,Marketing,40950,anjali864@company.com,2024-09-13
865,Neha,52.0,Sales,114722,neha865@company.com,2019-04-27
866,Vikram,48.0,Finance,25846,vikram866@company.com,2018-05-24
867,Ravi,60.0,Marketing,99652,ravi867@company.com,2023-09-07
868,Priya,42.0,HR,89836,priya868@company.com,2024-02-09
869,Priya,59.0,Support,54291,priya869@company.com,2025-08-26
870,Anjali,58.0,Support,65448,anjali870@company.com,2023-02-17
871,Rahul,24.0,IT,78086,rahul871@company.com,2024-11-12
872,Arjun,46.0,Marketing,76037,arjun872@company.com,2019-12-27
873,Priya,59.0,HR,106097,priya873@company.com,2024-12-04
874,Kavya,46.0,HR,86032,kavya874@company.com,2020-01-06
875,Rahul,32.0,Sales,76159,rahul875@company.com,2025-06-23
876,Neha,49.0,Marketing,113146,neha876@company.com,2019-06-28
877,Diya,54.0,HR,107394,diya877@company.com,2021-06-24
878,Vikram,48.0,Finance,71922,vikram878@company.com,2022-08-06
879,Anjali,52.0,Sales,42003,anjali879@company.com,2018-01-09
880,Neha,35.0,Marketing,80114,neha880@company.com,2020-02-18
881,Priya,21.0,HR,117790,priya881@company.com,2021-05-06
882,Anjali,24.0,IT,33515,anjali882@company.com,2024-09-06
883,Ravi,41.0,HR,113459,ravi883@company.com,2025-10-14
884,Rohan,36.0,Sales,35577,rohan884@company.com,2019-03-19
885,Rohan,48.0,HR,110401,rohan885@company.com,2019-02-12
886,Arjun,54.0,Finance,86158,arjun886@company.com,2019-02-25
887,Meena,51.0,Support,48692,meena887@company.com,2018-03-23
888,Suresh,31.0,HR,49793,suresh888@company.com,2020-07-04
889,Rahul,60.0,Finance,42972,rahul889@company.com,2024-04-01
890,Divya,28.0,HR,61087,divya890@company.com,2018-07-25
891,Rohan,24.0,Support,33943,rohan891@company.com,2023-03-22
892,Manoj,39.0,IT,48998,invalid_email,2022-12-03
893,Ravi,29.0,Support,90646,ravi893@company.com,2018-02-22
894,Rahul,50.0,Support,80458,rahul894@company.com,2023-03-04
895,Rahul,38.0,Marketing,116907,rahul895@company.com,2024-05-11
896,Sneha,33.0,Sales,97673,sneha896@company.com,2018-11-17
897,Kavya,53.0,Sales,100677,kavya897@company.com,2019-07-17
898,Rohan,58.0,Sales,33784,rohan898@company.com,2022-04-02
899,Rahul,45.0,Support,44411,rahul899@company.com,2024-05-06
900,Divya,45.0,IT,39854,divya900@company.com,2023-11-03
901,Rohan,150.0,Support,57688,rohan901@company.com,2022-06-09
902,Rahul,22.0,Finance,26550,rahul902@company.com,2024-12-09
903,Sneha,36.0,IT,119951,sneha903@company.com,2024-12-23
904,Divya,57.0,Sales,97701,divya904@company.com,2023-09-06
905,Sneha,28.0,IT,119549,sneha905@company.com,2020-05-12
906,Asha,27.0,Finance,42811,asha906@company.com,2019-05-26
907,Rahul,51.0,IT,69086,rahul907@company.com,2025-06-15
908,Ravi,51.0,HR,115968,ravi908@company.com,2025-12-28
909,Sneha,32.0,IT,34763,sneha909@company.com,2021-12-16
910,Arjun,57.0,Sales,118628,arjun910@company.com,2025-07-01
911,Kavya,45.0,Sales,75186,kavya911@company.com,2025-08-23
912,Neha,35.0,HR,30397,neha912@company.com,2023-03-19
913,Aarav,42.0,Sales,35653,aarav913@company.com,2024-08-07
914,Meena,24.0,Sales,104277,meena914@company.com,2021-07-09
915,Pooja,48.0,Support,55763,pooja915@company.com,2020-08-24
916,Rohan,50.0,HR,83885,rohan916@company.com,2018-08-23
917,Ravi,55.0,Marketing,91451,ravi917@company.com,2020-11-13
918,Vikram,39.0,IT,70985,vikram918@company.com,2020-05-28
919,Manoj,44.0,Marketing,59343,,2024-02-04
920,Neha,24.0,HR,119073,neha920@company.com,2019-05-12
921,Kavya,32.0,Support,101943,kavya921@company.com,2019-01-22
922,Nikhil,23.0,Finance,57877,nikhil922@company.com,2023-02-17
923,Kavya,53.0,Finance,114543,invalid_email,2025-03-07
924,Rahul,22.0,Marketing,100813,rahul924@company.com,2025-07-05
925,Anjali,58.0,HR,73905,anjali925@company.com,2023-03-20
926,Nikhil,31.0,Marketing,28460,nikhil926@company.com,2025-12-12
927,Kavya,22.0,Finance,73635,kavya927@company.com,2023-12-19
928,Kiran,24.0,Sales,96917,kiran928@company.com,2018-07-02
929,Divya,48.0,Marketing,37411,divya929@company.com,2018-05-08
930,Priya,58.0,IT,77793,priya930@company.com,2023-06-09
931,Asha,51.0,IT,112641,asha931@company.com,2024-01-11
932,Asha,43.0,HR,44024,asha932@company.com,2020-09-16
933,Kiran,28.0,IT,46203,kiran933@company.com,2023-04-22
934,Rahul,56.0,Sales,57628,rahul934@company.com,2025-02-22
935,Nikhil,38.0,Sales,27033,nikhil935@company.com,2021-12-27
936,Divya,52.0,IT,113199,divya936@company.com,2024-11-05
937,Kiran,21.0,IT,65082,kiran937@company.com,2024-10-02
938,Aarav,41.0,Sales,81943,aarav938@company.com,2021-10-23
939,Vikram,23.0,HR,76376,vikram939@company.com,2025-12-22
940,Aarav,52.0,Marketing,27389,aarav940@company.com,2025-02-01
941,Nikhil,25.0,HR,32386,nikhil941@company.com,2021-07-22
942,Suresh,60.0,Sales,36195,suresh942@company.com,2020-12-09
943,Neha,51.0,Sales,94912,neha943@company.com,2020-08-09
944,Manoj,60.0,HR,63428,manoj944@company.com,2020-04-16
945,Vikram,29.0,Marketing,91060,vikram945@company.com,2020-06-22
946,Divya,57.0,HR,97245,divya946@company.com,2023-11-10
947,Priya,34.0,Marketing,64370,priya947@company.com,2024-12-14
948,Anjali,30.0,Sales,101856,anjali948@company.com,2021-11-01
949,Rohan,57.0,Finance,105190,rohan949@company.com,2025-04-27
950,Priya,42.0,IT,31288,priya950@company.com,2025-10-26
951,Kavya,49.0,Support,60034,kavya951@company.com,2018-02-27
952,Ravi,50.0,Sales,62640,ravi952@company.com,2020-02-28
953,Diya,59.0,Support,84280,diya953@company.com,2019-05-22
954,Nikhil,51.0,Marketing,74962,invalid_email,2023-12-17
955,Meena,37.0,IT,95891,meena955@company.com,2022-03-27
956,Manoj,51.0,HR,119653,manoj956@company.com,2021-11-19
957,Manoj,,Marketing,61999,manoj957@company.com,2020-04-23
958,Diya,54.0,Finance,48295,diya958@company.com,2023-07-12
959,Rahul,31.0,Finance,73281,rahul959@company.com,2021-07-19
960,Priya,52.0,Support,30539,priya960@company.com,2019-05-18
961,Kavya,41.0,Finance,25631,kavya961@company.com,2023-12-21
962,Aarav,40.0,Finance,36865,aarav962@company.com,2020-07-27
963,Ravi,47.0,Support,119011,ravi963@company.com,2020-08-11
964,Aarav,23.0,HR,47327,aarav964@company.com,2025-04-27
965,Asha,43.0,Marketing,51746,asha965@company.com,2022-12-03
966,Asha,59.0,Sales,33228,asha966@company.com,2025-12-12
967,Neha,58.0,Marketing,109579,neha967@company.com,2024-11-26
968,Asha,51.0,HR,102063,asha968@company.com,2024-12-07
969,Sneha,59.0,HR,90245,invalid_email,2022-08-17
970,Vikram,43.0,HR,107011,vikram970@company.com,2021-01-22
971,Kiran,37.0,Marketing,70964,kiran971@company.com,2024-10-08
972,Priya,34.0,IT,117719,priya972@company.com,2022-02-19
973,Rahul,59.0,HR,83301,rahul973@company.com,2021-10-11
974,Divya,48.0,Sales,114826,divya974@company.com,2020-11-16
975,Pooja,34.0,Support,117843,pooja975@company.com,2022-03-04
976,Rohan,38.0,Support,33655,rohan976@company.com,2021-09-24
977,Rohan,32.0,Finance,81863,rohan977@company.com,2019-09-28
978,Pooja,30.0,IT,78928,pooja978@company.com,2023-10-18
979,Meena,,Marketing,42703,meena979@company.com,2018-03-01
980,Neha,46.0,Support,100428,neha980@company.com,2018-03-10
981,Diya,44.0,HR,36359,diya981@company.com,2022-09-11
982,Kiran,21.0,Support,79939,kiran982@company.com,2024-02-28
983,Divya,40.0,IT,61751,divya983@company.com,2022-04-25
984,Sneha,52.0,Support,53904,sneha984@company.com,2020-07-10
985,Rahul,,Marketing,103742,invalid_email,2025-04-02
986,Nikhil,42.0,HR,49456,nikhil986@company.com,2023-08-21
987,Nikhil,24.0,Support,28998,nikhil987@company.com,2023-12-18
988,Neha,28.0,Marketing,115745,neha988@company.com,2024-08-02
989,Pooja,29.0,Sales,30748,pooja989@company.com,2025-08-02
990,Sneha,54.0,IT,93330,sneha990@company.com,2022-05-15
991,Nikhil,43.0,Finance,101346,nikhil991@company.com,2019-08-12
992,Priya,51.0,HR,54612,priya992@company.com,2018-03-05
993,Kavya,46.0,Marketing,35246,kavya993@company.com,2025-10-06
994,Vikram,39.0,Support,53234,vikram994@company.com,2023-03-10
995,Anjali,21.0,IT,25308,anjali995@company.com,2022-04-15
996,Nikhil,55.0,Sales,119363,nikhil996@company.com,2022-10-04
997,Divya,42.0,Support,91738,divya997@company.com,2023-05-04
998,Kiran,36.0,Marketing,37434,kiran998@company.com,2019-06-09
999,Divya,47.0,Marketing,41669,divya999@company.com,2022-09-09
1000,Anjali,37.0,Sales,57183,anjali1000@company.com,2021-08-14
1,Arjun,,Sales,58588,arjun1@company.com,2022-08-07
2,Divya,24.0,IT,73913,divya2@company.com,2023-08-04
3,Kavya,27.0,Support,85491,kavya3@company.com,2025-02-26
4,Pooja,58.0,Sales,77541,pooja4@company.com,2024-05-03
5,Rahul,25.0,Sales,97482,rahul5@company.com,2018-03-03
6,Arjun,48.0,HR,95751,arjun6@company.com,2019-08-10
7,Vikram,49.0,IT,86105,vikram7@company.com,2022-02-07
8,Rahul,,Support,33763,rahul8@company.com,2019-08-16
9,Kiran,33.0,Marketing,39552,kiran9@company.com,2021-05-13
10,Kavya,44.0,Finance,64894,kavya10@company.com,2020-02-16
11,Anjali,25.0,Finance,74476,anjali11@company.com,2025-07-19
12,Diya,31.0,Sales,47073,diya12@company.com,2022-12-24
13,Rahul,28.0,Finance,108231,rahul13@company.com,2020-09-15
14,Suresh,36.0,IT,89008,suresh14@company.com,2023-02-22
15,Suresh,25.0,IT,57709,suresh15@company.com,2018-08-07
